shape,interval,block_size,format,run,blocks,decompressed_bytes,on_disk_data_bytes,index_bytes,file_bytes,entries,forward_ns_per_entry,reverse_ns_per_entry,reverse_p99_ns,cache_hits,cache_misses
prefix-heavy,4,4096,legacy,0,2138,8872906,1381607,110861,1636326,120000,17.50,62.81,625,4276,0
prefix-heavy,4,4096,delta,0,1301,5341853,1184326,66758,1394958,120000,33.56,94.62,291,2602,0
prefix-heavy,4,4096,legacy,1,2138,8872906,1381607,110861,1636326,120000,17.97,60.31,584,4276,0
prefix-heavy,4,4096,delta,1,1301,5341853,1184326,66758,1394958,120000,34.77,92.24,292,2602,0
prefix-heavy,4,4096,legacy,2,2138,8872906,1381607,110861,1636326,120000,20.62,66.09,708,4276,0
prefix-heavy,4,4096,delta,2,1301,5341853,1184326,66758,1394958,120000,42.69,118.31,375,2602,0
prefix-heavy,4,4096,legacy,3,2138,8872906,1381607,110861,1636326,120000,17.64,66.25,709,4276,0
prefix-heavy,4,4096,delta,3,1301,5341853,1184326,66758,1394958,120000,33.86,92.69,292,2602,0
prefix-heavy,4,4096,legacy,4,2138,8872906,1381607,110861,1636326,120000,19.55,66.44,709,4276,0
prefix-heavy,4,4096,delta,4,1301,5341853,1184326,66758,1394958,120000,38.16,94.46,333,2602,0
prefix-heavy,4,8192,legacy,0,1079,8869174,1300865,55670,1500393,120000,21.38,64.11,125,2158,0
prefix-heavy,4,8192,delta,0,651,5333930,1097135,33391,1274400,120000,35.11,93.68,250,1302,0
prefix-heavy,4,8192,legacy,1,1079,8869174,1300865,55670,1500393,120000,26.53,93.37,125,2158,0
prefix-heavy,4,8192,delta,1,651,5333930,1097135,33391,1274400,120000,41.22,150.26,292,1302,0
prefix-heavy,4,8192,legacy,2,1079,8869174,1300865,55670,1500393,120000,18.07,176.44,167,2158,0
prefix-heavy,4,8192,delta,2,651,5333930,1097135,33391,1274400,120000,326.52,568.10,458,1302,0
prefix-heavy,4,8192,legacy,3,1079,8869174,1300865,55670,1500393,120000,33.86,210.34,291,2158,0
prefix-heavy,4,8192,delta,3,651,5333930,1097135,33391,1274400,120000,35.98,127.45,375,1302,0
prefix-heavy,4,8192,legacy,4,1079,8869174,1300865,55670,1500393,120000,16.78,83.76,167,2158,0
prefix-heavy,4,8192,delta,4,651,5333930,1097135,33391,1274400,120000,39.51,103.22,375,1302,0
prefix-heavy,4,16384,legacy,0,540,8866798,1255296,27737,1426891,120000,15.96,90.78,84,1080,0
prefix-heavy,4,16384,delta,0,326,5332295,1044916,16731,1205521,120000,46.24,366.35,375,652,0
prefix-heavy,4,16384,legacy,1,540,8866798,1255296,27737,1426891,120000,21.56,92.57,125,1080,0
prefix-heavy,4,16384,delta,1,326,5332295,1044916,16731,1205521,120000,33.31,331.34,375,652,0
prefix-heavy,4,16384,legacy,2,540,8866798,1255296,27737,1426891,120000,19.07,64.85,84,1080,0
prefix-heavy,4,16384,delta,2,326,5332295,1044916,16731,1205521,120000,35.18,93.44,250,652,0
prefix-heavy,4,16384,legacy,3,540,8866798,1255296,27737,1426891,120000,15.20,60.50,83,1080,0
prefix-heavy,4,16384,delta,3,326,5332295,1044916,16731,1205521,120000,34.75,89.30,250,652,0
prefix-heavy,4,16384,legacy,4,540,8866798,1255296,27737,1426891,120000,15.09,58.45,83,1080,0
prefix-heavy,4,16384,delta,4,326,5332295,1044916,16731,1205521,120000,31.21,94.73,333,652,0
prefix-heavy,4,65536,legacy,0,136,8864306,1220221,7101,1371180,120000,16.12,58.23,83,272,0
prefix-heavy,4,65536,delta,0,82,5340386,1033039,4306,1181219,120000,29.53,90.66,209,164,0
prefix-heavy,4,65536,legacy,1,136,8864306,1220221,7101,1371180,120000,15.94,60.09,83,272,0
prefix-heavy,4,65536,delta,1,82,5340386,1033039,4306,1181219,120000,32.66,94.29,250,164,0
prefix-heavy,4,65536,legacy,2,136,8864306,1220221,7101,1371180,120000,25.51,58.71,83,272,0
prefix-heavy,4,65536,delta,2,82,5340386,1033039,4306,1181219,120000,35.50,94.46,250,164,0
prefix-heavy,4,65536,legacy,3,136,8864306,1220221,7101,1371180,120000,14.01,63.43,84,272,0
prefix-heavy,4,65536,delta,3,82,5340386,1033039,4306,1181219,120000,36.23,111.81,333,164,0
prefix-heavy,4,65536,legacy,4,136,8864306,1220221,7101,1371180,120000,23.57,86.03,84,272,0
prefix-heavy,4,65536,delta,4,82,5340386,1033039,4306,1181219,120000,40.84,133.27,375,164,0
prefix-heavy,8,4096,legacy,0,2138,8813046,1321969,110840,1576667,120000,23.97,114.54,708,4276,0
prefix-heavy,8,4096,delta,0,1139,4696126,988350,57372,1189596,120000,34.88,105.45,375,2278,0
prefix-heavy,8,4096,legacy,1,2138,8813046,1321969,110840,1576667,120000,17.63,88.29,792,4276,0
prefix-heavy,8,4096,delta,1,1139,4696126,988350,57372,1189596,120000,34.80,89.43,334,2278,0
prefix-heavy,8,4096,legacy,2,2138,8813046,1321969,110840,1576667,120000,21.05,66.11,708,4276,0
prefix-heavy,8,4096,delta,2,1139,4696126,988350,57372,1189596,120000,31.49,110.97,458,2278,0
prefix-heavy,8,4096,legacy,3,2138,8813046,1321969,110840,1576667,120000,18.94,61.05,625,4276,0
prefix-heavy,8,4096,delta,3,1139,4696126,988350,57372,1189596,120000,31.72,88.81,334,2278,0
prefix-heavy,8,4096,legacy,4,2138,8813046,1321969,110840,1576667,120000,18.05,66.90,708,4276,0
prefix-heavy,8,4096,delta,4,1139,4696126,988350,57372,1189596,120000,34.81,92.90,375,2278,0
prefix-heavy,8,8192,legacy,0,1071,8808282,1239261,54833,1437952,120000,21.88,68.54,125,2142,0
prefix-heavy,8,8192,delta,0,570,4667575,903897,29600,1077371,120000,32.02,89.05,334,1140,0
prefix-heavy,8,8192,legacy,1,1071,8808282,1239261,54833,1437952,120000,16.22,68.68,125,2142,0
prefix-heavy,8,8192,delta,1,570,4667575,903897,29600,1077371,120000,30.41,88.03,334,1140,0
prefix-heavy,8,8192,legacy,2,1071,8808282,1239261,54833,1437952,120000,15.95,62.94,125,2142,0
prefix-heavy,8,8192,delta,2,570,4667575,903897,29600,1077371,120000,34.17,100.02,375,1140,0
prefix-heavy,8,8192,legacy,3,1071,8808282,1239261,54833,1437952,120000,96.72,83.82,125,2142,0
prefix-heavy,8,8192,delta,3,570,4667575,903897,29600,1077371,120000,31.43,120.88,334,1140,0
prefix-heavy,8,8192,legacy,4,1071,8808282,1239261,54833,1437952,120000,31.22,61.07,125,2142,0
prefix-heavy,8,8192,delta,4,570,4667575,903897,29600,1077371,120000,33.27,189.03,375,1140,0
prefix-heavy,8,16384,legacy,0,538,8806094,1194489,27766,1366113,120000,14.99,70.23,83,1076,0
prefix-heavy,8,16384,delta,0,284,4655089,863633,14657,1022164,120000,28.67,114.67,375,568,0
prefix-heavy,8,16384,legacy,1,538,8806094,1194489,27766,1366113,120000,15.93,65.44,84,1076,0
prefix-heavy,8,16384,delta,1,284,4655089,863633,14657,1022164,120000,29.90,92.35,375,568,0
prefix-heavy,8,16384,legacy,2,538,8806094,1194489,27766,1366113,120000,14.75,63.70,84,1076,0
prefix-heavy,8,16384,delta,2,284,4655089,863633,14657,1022164,120000,30.43,163.65,584,568,0
prefix-heavy,8,16384,legacy,3,538,8806094,1194489,27766,1366113,120000,15.34,61.90,83,1076,0
prefix-heavy,8,16384,delta,3,284,4655089,863633,14657,1022164,120000,30.74,90.54,334,568,0
prefix-heavy,8,16384,legacy,4,538,8806094,1194489,27766,1366113,120000,16.38,61.82,84,1076,0
prefix-heavy,8,16384,delta,4,284,4655089,863633,14657,1022164,120000,29.20,84.58,333,568,0
prefix-heavy,8,65536,legacy,0,135,8804266,1159733,6960,1310551,120000,24.46,92.89,84,270,0
prefix-heavy,8,65536,delta,0,71,4649531,849067,3699,996640,120000,28.37,94.20,333,142,0
prefix-heavy,8,65536,legacy,1,135,8804266,1159733,6960,1310551,120000,14.74,58.68,83,270,0
prefix-heavy,8,65536,delta,1,71,4649531,849067,3699,996640,120000,39.14,91.18,333,142,0
prefix-heavy,8,65536,legacy,2,135,8804266,1159733,6960,1310551,120000,14.86,61.18,83,270,0
prefix-heavy,8,65536,delta,2,71,4649531,849067,3699,996640,120000,27.42,415.29,459,142,0
prefix-heavy,8,65536,legacy,3,135,8804266,1159733,6960,1310551,120000,23.96,70.88,84,270,0
prefix-heavy,8,65536,delta,3,71,4649531,849067,3699,996640,120000,36.59,122.70,583,142,0
prefix-heavy,8,65536,legacy,4,135,8804266,1159733,6960,1310551,120000,15.06,87.06,84,270,0
prefix-heavy,8,65536,delta,4,71,4649531,849067,3699,996640,120000,101.60,168.47,583,142,0
prefix-heavy,16,4096,legacy,0,2138,8786246,1294805,109730,1548393,120000,18.49,64.28,666,4276,0
prefix-heavy,16,4096,delta,0,1059,4353473,873671,54661,1072206,120000,29.90,89.88,500,2118,0
prefix-heavy,16,4096,legacy,1,2138,8786246,1294805,109730,1548393,120000,18.63,66.11,667,4276,0
prefix-heavy,16,4096,delta,1,1059,4353473,873671,54661,1072206,120000,34.24,91.04,541,2118,0
prefix-heavy,16,4096,legacy,2,2138,8786246,1294805,109730,1548393,120000,19.30,79.25,708,4276,0
prefix-heavy,16,4096,delta,2,1059,4353473,873671,54661,1072206,120000,39.99,88.29,500,2118,0
prefix-heavy,16,4096,legacy,3,2138,8786246,1294805,109730,1548393,120000,17.79,76.82,708,4276,0
prefix-heavy,16,4096,delta,3,1059,4353473,873671,54661,1072206,120000,28.76,85.34,500,2118,0
prefix-heavy,16,4096,legacy,4,2138,8786246,1294805,109730,1548393,120000,16.74,65.42,625,4276,0
prefix-heavy,16,4096,delta,4,1059,4353473,873671,54661,1072206,120000,32.59,90.64,500,2118,0
prefix-heavy,16,8192,legacy,0,1069,8778270,1209123,54745,1407726,120000,17.45,66.68,125,2138,0
prefix-heavy,16,8192,delta,0,527,4325047,803541,27248,974663,120000,33.01,91.58,541,1054,0
prefix-heavy,16,8192,legacy,1,1069,8778270,1209123,54745,1407726,120000,17.04,63.22,125,2138,0
prefix-heavy,16,8192,delta,1,527,4325047,803541,27248,974663,120000,32.04,87.44,500,1054,0
prefix-heavy,16,8192,legacy,2,1069,8778270,1209123,54745,1407726,120000,17.79,64.31,125,2138,0
prefix-heavy,16,8192,delta,2,527,4325047,803541,27248,974663,120000,28.95,85.86,500,1054,0
prefix-heavy,16,8192,legacy,3,1069,8778270,1209123,54745,1407726,120000,20.14,76.96,167,2138,0
prefix-heavy,16,8192,delta,3,527,4325047,803541,27248,974663,120000,44.69,157.94,1041,1054,0
prefix-heavy,16,8192,legacy,4,1069,8778270,1209123,54745,1407726,120000,18.38,66.65,125,2138,0
prefix-heavy,16,8192,delta,4,527,4325047,803541,27248,974663,120000,28.97,111.21,542,1054,0
prefix-heavy,16,16384,legacy,0,535,8775870,1163897,27784,1335539,120000,17.27,76.46,125,1070,0
prefix-heavy,16,16384,delta,0,264,4313787,769394,13700,926968,120000,30.72,96.02,541,528,0
prefix-heavy,16,16384,legacy,1,535,8775870,1163897,27784,1335539,120000,15.33,58.83,83,1070,0
prefix-heavy,16,16384,delta,1,264,4313787,769394,13700,926968,120000,29.18,82.72,500,528,0
prefix-heavy,16,16384,legacy,2,535,8775870,1163897,27784,1335539,120000,17.79,71.03,84,1070,0
prefix-heavy,16,16384,delta,2,264,4313787,769394,13700,926968,120000,29.95,114.33,541,528,0
prefix-heavy,16,16384,legacy,3,535,8775870,1163897,27784,1335539,120000,17.88,68.22,84,1070,0
prefix-heavy,16,16384,delta,3,264,4313787,769394,13700,926968,120000,29.46,92.53,541,528,0
prefix-heavy,16,16384,legacy,4,535,8775870,1163897,27784,1335539,120000,18.40,65.05,84,1070,0
prefix-heavy,16,16384,delta,4,264,4313787,769394,13700,926968,120000,32.63,85.79,542,528,0
prefix-heavy,16,65536,legacy,0,134,8774078,1129455,7001,1280314,120000,24.88,62.82,83,268,0
prefix-heavy,16,65536,delta,0,66,4305504,746525,3479,893878,120000,29.21,82.79,500,132,0
prefix-heavy,16,65536,legacy,1,134,8774078,1129455,7001,1280314,120000,14.50,59.61,83,268,0
prefix-heavy,16,65536,delta,1,66,4305504,746525,3479,893878,120000,30.58,89.81,541,132,0
prefix-heavy,16,65536,legacy,2,134,8774078,1129455,7001,1280314,120000,15.01,59.09,83,268,0
prefix-heavy,16,65536,delta,2,66,4305504,746525,3479,893878,120000,28.39,83.84,541,132,0
prefix-heavy,16,65536,legacy,3,134,8774078,1129455,7001,1280314,120000,16.02,58.60,42,268,0
prefix-heavy,16,65536,delta,3,66,4305504,746525,3479,893878,120000,27.91,87.77,541,132,0
prefix-heavy,16,65536,legacy,4,134,8774078,1129455,7001,1280314,120000,13.87,59.54,83,268,0
prefix-heavy,16,65536,delta,4,66,4305504,746525,3479,893878,120000,26.91,82.80,500,132,0
prefix-heavy,32,4096,legacy,0,2138,8769146,1275567,109729,1529154,120000,16.21,60.00,584,4276,0
prefix-heavy,32,4096,delta,0,1007,4149683,805518,51937,1001329,120000,34.99,312.16,917,2014,0
prefix-heavy,32,4096,legacy,1,2138,8769146,1275567,109729,1529154,120000,20.24,1292.47,834,4276,0
prefix-heavy,32,4096,delta,1,1007,4149683,805518,51937,1001329,120000,32.20,100.01,917,2014,0
prefix-heavy,32,4096,legacy,2,2138,8769146,1275567,109729,1529154,120000,24.43,95.94,750,4276,0
prefix-heavy,32,4096,delta,2,1007,4149683,805518,51937,1001329,120000,96.67,86.61,916,2014,0
prefix-heavy,32,4096,legacy,3,2138,8769146,1275567,109729,1529154,120000,18.80,69.19,708,4276,0
prefix-heavy,32,4096,delta,3,1007,4149683,805518,51937,1001329,120000,29.10,91.98,916,2014,0
prefix-heavy,32,4096,legacy,4,2138,8769146,1275567,109729,1529154,120000,17.49,68.43,750,4276,0
prefix-heavy,32,4096,delta,4,1007,4149683,805518,51937,1001329,120000,29.18,88.89,916,2014,0
prefix-heavy,32,8192,legacy,0,1069,8764866,1195767,54854,1394479,120000,18.33,61.15,125,2138,0
prefix-heavy,32,8192,delta,0,506,4148032,748170,26108,918152,120000,32.69,125.84,875,1012,0
prefix-heavy,32,8192,legacy,1,1069,8764866,1195767,54854,1394479,120000,15.70,68.84,125,2138,0
prefix-heavy,32,8192,delta,1,506,4148032,748170,26108,918152,120000,95.97,238.23,958,1012,0
prefix-heavy,32,8192,legacy,2,1069,8764866,1195767,54854,1394479,120000,15.82,153.50,125,2138,0
prefix-heavy,32,8192,delta,2,506,4148032,748170,26108,918152,120000,36.86,87.61,917,1012,0
prefix-heavy,32,8192,legacy,3,1069,8764866,1195767,54854,1394479,120000,15.98,60.42,125,2138,0
prefix-heavy,32,8192,delta,3,506,4148032,748170,26108,918152,120000,28.87,86.32,916,1012,0
prefix-heavy,32,8192,legacy,4,1069,8764866,1195767,54854,1394479,120000,15.88,60.92,125,2138,0
prefix-heavy,32,8192,delta,4,506,4148032,748170,26108,918152,120000,32.91,83.99,875,1012,0
prefix-heavy,32,16384,legacy,0,535,8760882,1149074,27421,1320353,120000,15.13,61.46,83,1070,0
prefix-heavy,32,16384,delta,0,253,4136798,715326,13074,872274,120000,29.40,90.12,916,506,0
prefix-heavy,32,16384,legacy,1,535,8760882,1149074,27421,1320353,120000,14.11,66.10,84,1070,0
prefix-heavy,32,16384,delta,1,253,4136798,715326,13074,872274,120000,27.37,98.19,917,506,0
prefix-heavy,32,16384,legacy,2,535,8760882,1149074,27421,1320353,120000,16.19,59.06,84,1070,0
prefix-heavy,32,16384,delta,2,253,4136798,715326,13074,872274,120000,29.54,83.31,917,506,0
prefix-heavy,32,16384,legacy,3,535,8760882,1149074,27421,1320353,120000,17.05,58.40,84,1070,0
prefix-heavy,32,16384,delta,3,253,4136798,715326,13074,872274,120000,28.52,81.34,875,506,0
prefix-heavy,32,16384,legacy,4,535,8760882,1149074,27421,1320353,120000,15.33,60.81,84,1070,0
prefix-heavy,32,16384,delta,4,253,4136798,715326,13074,872274,120000,29.05,86.94,917,506,0
prefix-heavy,32,65536,legacy,0,134,8759518,1114782,6968,1265608,120000,14.89,68.34,84,268,0
prefix-heavy,32,65536,delta,0,64,4135432,696324,3369,843567,120000,28.62,94.60,958,128,0
prefix-heavy,32,65536,legacy,1,134,8759518,1114782,6968,1265608,120000,16.17,80.59,84,268,0
prefix-heavy,32,65536,delta,1,64,4135432,696324,3369,843567,120000,36.30,108.38,1000,128,0
prefix-heavy,32,65536,legacy,2,134,8759518,1114782,6968,1265608,120000,18.91,73.52,84,268,0
prefix-heavy,32,65536,delta,2,64,4135432,696324,3369,843567,120000,28.22,82.89,875,128,0
prefix-heavy,32,65536,legacy,3,134,8759518,1114782,6968,1265608,120000,14.55,60.69,83,268,0
prefix-heavy,32,65536,delta,3,64,4135432,696324,3369,843567,120000,26.95,81.24,875,128,0
prefix-heavy,32,65536,legacy,4,134,8759518,1114782,6968,1265608,120000,17.11,59.39,84,268,0
prefix-heavy,32,65536,delta,4,64,4135432,696324,3369,843567,120000,37.58,365.49,917,128,0
random,4,4096,legacy,0,1936,8035102,5950054,19794,6113706,120000,21.23,71.39,792,3872,0
random,4,4096,delta,0,1963,8140391,5885717,20078,6049669,120000,49.04,100.50,291,3926,0
random,4,4096,legacy,1,1936,8035102,5950054,19794,6113706,120000,17.04,137.40,792,3872,0
random,4,4096,delta,1,1963,8140391,5885717,20078,6049669,120000,50.57,115.69,334,3926,0
random,4,4096,legacy,2,1936,8035102,5950054,19794,6113706,120000,18.65,62.12,708,3872,0
random,4,4096,delta,2,1963,8140391,5885717,20078,6049669,120000,38.66,97.94,292,3926,0
random,4,4096,legacy,3,1936,8035102,5950054,19794,6113706,120000,17.05,65.56,750,3872,0
random,4,4096,delta,3,1963,8140391,5885717,20078,6049669,120000,53.24,106.79,292,3926,0
random,4,4096,legacy,4,1936,8035102,5950054,19794,6113706,120000,17.66,64.50,708,3872,0
random,4,4096,delta,4,1963,8140391,5885717,20078,6049669,120000,39.72,115.35,375,3926,0
random,4,8192,legacy,0,974,8028622,5935422,9973,6089253,120000,16.03,96.94,125,1948,0
random,4,8192,delta,0,990,8132402,5840406,10163,5994443,120000,43.16,103.45,375,1980,0
random,4,8192,legacy,1,974,8028622,5935422,9973,6089253,120000,16.53,67.48,125,1948,0
random,4,8192,delta,1,990,8132402,5840406,10163,5994443,120000,493.83,214.79,417,1980,0
random,4,8192,legacy,2,974,8028622,5935422,9973,6089253,120000,21.03,79.69,125,1948,0
random,4,8192,delta,2,990,8132402,5840406,10163,5994443,120000,43.08,130.59,416,1980,0
random,4,8192,legacy,3,974,8028622,5935422,9973,6089253,120000,26.94,69.29,125,1948,0
random,4,8192,delta,3,990,8132402,5840406,10163,5994443,120000,44.00,101.50,333,1980,0
random,4,8192,legacy,4,974,8028622,5935422,9973,6089253,120000,30.80,88.78,125,1948,0
random,4,8192,delta,4,990,8132402,5840406,10163,5994443,120000,40.32,105.50,292,1980,0
random,4,16384,legacy,0,489,8026906,5921220,5062,6070140,120000,18.32,62.21,125,978,0
random,4,16384,delta,0,495,8128074,5802334,5109,5951317,120000,34.33,92.74,250,990,0
random,4,16384,legacy,1,489,8026906,5921220,5062,6070140,120000,15.34,60.55,84,978,0
random,4,16384,delta,1,495,8128074,5802334,5109,5951317,120000,49.63,131.90,417,990,0
random,4,16384,legacy,2,489,8026906,5921220,5062,6070140,120000,17.56,66.19,84,978,0
random,4,16384,delta,2,495,8128074,5802334,5109,5951317,120000,38.22,104.23,334,990,0
random,4,16384,legacy,3,489,8026906,5921220,5062,6070140,120000,16.04,98.59,125,978,0
random,4,16384,delta,3,495,8128074,5802334,5109,5951317,120000,36.22,94.10,250,990,0
random,4,16384,legacy,4,489,8026906,5921220,5062,6070140,120000,15.01,57.92,83,978,0
random,4,16384,delta,4,495,8128074,5802334,5109,5951317,120000,34.14,92.98,250,990,0
random,4,65536,legacy,0,123,8024138,5789174,1448,5934480,120000,13.93,59.70,83,246,0
random,4,65536,delta,0,124,8125638,5636882,1468,5782224,120000,33.31,184.84,375,248,0
random,4,65536,legacy,1,123,8024138,5789174,1448,5934480,120000,14.31,61.00,83,246,0
random,4,65536,delta,1,124,8125638,5636882,1468,5782224,120000,41.61,93.98,250,248,0
random,4,65536,legacy,2,123,8024138,5789174,1448,5934480,120000,14.60,89.21,83,246,0
random,4,65536,delta,2,124,8125638,5636882,1468,5782224,120000,45.91,110.86,375,248,0
random,4,65536,legacy,3,123,8024138,5789174,1448,5934480,120000,14.68,62.08,83,246,0
random,4,65536,delta,3,124,8125638,5636882,1468,5782224,120000,33.60,97.84,250,248,0
random,4,65536,legacy,4,123,8024138,5789174,1448,5934480,120000,15.33,58.94,83,246,0
random,4,65536,delta,4,124,8125638,5636882,1468,5782224,120000,32.77,94.38,250,248,0
random,8,4096,legacy,0,1932,7973018,5884678,19738,6048274,120000,19.38,65.06,750,3864,0
random,8,4096,delta,0,1963,8053321,5801710,20064,5965648,120000,38.28,92.03,375,3926,0
random,8,4096,legacy,1,1932,7973018,5884678,19738,6048274,120000,18.81,61.32,667,3864,0
random,8,4096,delta,1,1963,8053321,5801710,20064,5965648,120000,47.29,111.18,459,3926,0
random,8,4096,legacy,2,1932,7973018,5884678,19738,6048274,120000,17.07,68.15,750,3864,0
random,8,4096,delta,2,1963,8053321,5801710,20064,5965648,120000,40.15,99.77,417,3926,0
random,8,4096,legacy,3,1932,7973018,5884678,19738,6048274,120000,17.78,72.28,792,3864,0
random,8,4096,delta,3,1963,8053321,5801710,20064,5965648,120000,39.45,166.39,625,3926,0
random,8,4096,legacy,4,1932,7973018,5884678,19738,6048274,120000,19.24,65.14,750,3864,0
random,8,4096,delta,4,1963,8053321,5801710,20064,5965648,120000,36.94,93.60,375,3926,0
random,8,8192,legacy,0,967,7969226,5876082,9924,6029864,120000,18.60,62.76,125,1934,0
random,8,8192,delta,0,982,8049275,5756012,10060,5909946,120000,35.25,92.62,375,1964,0
random,8,8192,legacy,1,967,7969226,5876082,9924,6029864,120000,16.44,61.65,125,1934,0
random,8,8192,delta,1,982,8049275,5756012,10060,5909946,120000,50.08,104.56,583,1964,0
random,8,8192,legacy,2,967,7969226,5876082,9924,6029864,120000,18.73,66.67,125,1934,0
random,8,8192,delta,2,982,8049275,5756012,10060,5909946,120000,42.39,112.62,583,1964,0
random,8,8192,legacy,3,967,7969226,5876082,9924,6029864,120000,16.97,66.04,125,1934,0
random,8,8192,delta,3,982,8049275,5756012,10060,5909946,120000,34.04,91.47,334,1964,0
random,8,8192,legacy,4,967,7969226,5876082,9924,6029864,120000,18.06,66.10,125,1934,0
random,8,8192,delta,4,982,8049275,5756012,10060,5909946,120000,43.48,1556.25,625,1964,0
random,8,16384,legacy,0,485,7965802,5858195,5030,6007083,120000,15.37,166.46,84,970,0
random,8,16384,delta,0,491,8044643,5715108,5079,5864061,120000,37.92,169.73,583,982,0
random,8,16384,legacy,1,485,7965802,5858195,5030,6007083,120000,23.71,77.72,84,970,0
random,8,16384,delta,1,491,8044643,5715108,5079,5864061,120000,52.69,117.89,625,982,0
random,8,16384,legacy,2,485,7965802,5858195,5030,6007083,120000,15.30,59.98,83,970,0
random,8,16384,delta,2,491,8044643,5715108,5079,5864061,120000,34.72,90.02,416,982,0
random,8,16384,legacy,3,485,7965802,5858195,5030,6007083,120000,15.93,66.83,84,970,0
random,8,16384,delta,3,491,8044643,5715108,5079,5864061,120000,37.65,109.18,458,982,0
random,8,16384,legacy,4,485,7965802,5858195,5030,6007083,120000,15.00,61.66,84,970,0
random,8,16384,delta,4,491,8044643,5715108,5079,5864061,120000,33.00,90.48,375,982,0
random,8,65536,legacy,0,122,7964346,5728884,1452,5874194,120000,16.17,62.45,84,244,0
random,8,65536,delta,0,123,8042223,5546681,1452,5692007,120000,32.65,92.21,375,246,0
random,8,65536,legacy,1,122,7964346,5728884,1452,5874194,120000,14.20,67.74,84,244,0
random,8,65536,delta,1,123,8042223,5546681,1452,5692007,120000,35.48,106.88,583,246,0
random,8,65536,legacy,2,122,7964346,5728884,1452,5874194,120000,14.45,65.83,83,244,0
random,8,65536,delta,2,123,8042223,5546681,1452,5692007,120000,40.52,104.71,375,246,0
random,8,65536,legacy,3,122,7964346,5728884,1452,5874194,120000,14.58,60.09,83,244,0
random,8,65536,delta,3,123,8042223,5546681,1452,5692007,120000,32.80,106.43,375,246,0
random,8,65536,legacy,4,122,7964346,5728884,1452,5874194,120000,13.99,61.39,83,244,0
random,8,65536,delta,4,123,8042223,5546681,1452,5692007,120000,32.93,98.42,375,246,0
random,16,4096,legacy,0,1932,7942118,5853778,19734,6017370,120000,20.55,73.35,792,3864,0
random,16,4096,delta,0,1932,8008994,5751573,19733,5915180,120000,38.62,89.76,625,3864,0
random,16,4096,legacy,1,1932,7942118,5853778,19734,6017370,120000,20.73,70.50,792,3864,0
random,16,4096,delta,1,1932,8008994,5751573,19733,5915180,120000,39.92,100.92,625,3864,0
random,16,4096,legacy,2,1932,7942118,5853778,19734,6017370,120000,20.02,66.48,750,3864,0
random,16,4096,delta,2,1932,8008994,5751573,19733,5915180,120000,36.77,94.20,625,3864,0
random,16,4096,legacy,3,1932,7942118,5853778,19734,6017370,120000,33.13,138.38,916,3864,0
random,16,4096,delta,3,1932,8008994,5751573,19733,5915180,120000,43.06,107.35,791,3864,0
random,16,4096,legacy,4,1932,7942118,5853778,19734,6017370,120000,20.58,65.72,750,3864,0
random,16,4096,delta,4,1932,8008994,5751573,19733,5915180,120000,59.89,103.31,708,3864,0
random,16,8192,legacy,0,966,7938254,5843683,9925,5997466,120000,17.32,74.11,125,1932,0
random,16,8192,delta,0,974,8005458,5707569,10051,5861494,120000,56.47,175.87,1167,1948,0
random,16,8192,legacy,1,966,7938254,5843683,9925,5997466,120000,42.92,74.76,125,1932,0
random,16,8192,delta,1,974,8005458,5707569,10051,5861494,120000,40.68,104.15,625,1948,0
random,16,8192,legacy,2,966,7938254,5843683,9925,5997466,120000,18.09,62.33,125,1932,0
random,16,8192,delta,2,974,8005458,5707569,10051,5861494,120000,78.97,846.63,958,1948,0
random,16,8192,legacy,3,966,7938254,5843683,9925,5997466,120000,17.58,67.36,125,1932,0
random,16,8192,delta,3,974,8005458,5707569,10051,5861494,120000,45.12,109.87,667,1948,0
random,16,8192,legacy,4,966,7938254,5843683,9925,5997466,120000,25.60,61.80,125,1932,0
random,16,8192,delta,4,974,8005458,5707569,10051,5861494,120000,35.17,89.66,584,1948,0
random,16,16384,legacy,0,483,7936322,5826088,4992,5974938,120000,15.03,62.10,83,966,0
random,16,16384,delta,0,488,8003555,5668729,5053,5817656,120000,52.26,132.60,791,976,0
random,16,16384,legacy,1,483,7936322,5826088,4992,5974938,120000,15.29,62.58,83,966,0
random,16,16384,delta,1,488,8003555,5668729,5053,5817656,120000,36.11,91.63,584,976,0
random,16,16384,legacy,2,483,7936322,5826088,4992,5974938,120000,14.88,62.01,84,966,0
random,16,16384,delta,2,488,8003555,5668729,5053,5817656,120000,40.46,111.95,708,976,0
random,16,16384,legacy,3,483,7936322,5826088,4992,5974938,120000,18.09,68.12,84,966,0
random,16,16384,delta,3,488,8003555,5668729,5053,5817656,120000,33.72,102.00,625,976,0
random,16,16384,legacy,4,483,7936322,5826088,4992,5974938,120000,27.10,70.99,84,966,0
random,16,16384,delta,4,488,8003555,5668729,5053,5817656,120000,33.54,113.08,750,976,0
random,16,65536,legacy,0,121,7934042,5696876,1445,5842179,120000,20.75,64.70,83,242,0
random,16,65536,delta,0,123,8000897,5497032,1456,5642362,120000,33.07,137.06,625,246,0
random,16,65536,legacy,1,121,7934042,5696876,1445,5842179,120000,15.89,65.69,84,242,0
random,16,65536,delta,1,123,8000897,5497032,1456,5642362,120000,32.47,86.78,542,246,0
random,16,65536,legacy,2,121,7934042,5696876,1445,5842179,120000,17.85,60.31,84,242,0
random,16,65536,delta,2,123,8000897,5497032,1456,5642362,120000,32.05,97.52,584,246,0
random,16,65536,legacy,3,121,7934042,5696876,1445,5842179,120000,18.81,70.74,42,242,0
random,16,65536,delta,3,123,8000897,5497032,1456,5642362,120000,32.35,95.62,584,246,0
random,16,65536,legacy,4,121,7934042,5696876,1445,5842179,120000,14.11,58.79,83,242,0
random,16,65536,delta,4,123,8000897,5497032,1456,5642362,120000,43.90,93.73,584,246,0
random,32,4096,legacy,0,1932,7926670,5836401,19732,5999991,120000,23.39,112.00,791,3864,0
random,32,4096,delta,0,1932,7987540,5728187,19730,5891791,120000,44.45,96.40,1084,3864,0
random,32,4096,legacy,1,1932,7926670,5836401,19732,5999991,120000,18.12,73.34,750,3864,0
random,32,4096,delta,1,1932,7987540,5728187,19730,5891791,120000,49.35,92.48,1083,3864,0
random,32,4096,legacy,2,1932,7926670,5836401,19732,5999991,120000,17.83,67.99,792,3864,0
random,32,4096,delta,2,1932,7987540,5728187,19730,5891791,120000,80.74,123.01,1166,3864,0
random,32,4096,legacy,3,1932,7926670,5836401,19732,5999991,120000,17.46,117.27,792,3864,0
random,32,4096,delta,3,1932,7987540,5728187,19730,5891791,120000,247.42,140.75,1125,3864,0
random,32,4096,legacy,4,1932,7926670,5836401,19732,5999991,120000,23.45,66.73,792,3864,0
random,32,4096,delta,4,1932,7987540,5728187,19730,5891791,120000,39.91,89.45,1042,3864,0
random,32,8192,legacy,0,966,7922806,5828235,9924,5982017,120000,16.91,73.43,125,1932,0
random,32,8192,delta,0,974,7983899,5688086,9986,5841946,120000,38.36,89.57,1042,1948,0
random,32,8192,legacy,1,966,7922806,5828235,9924,5982017,120000,16.18,75.23,125,1932,0
random,32,8192,delta,1,974,7983899,5688086,9986,5841946,120000,159.56,238.80,1166,1948,0
random,32,8192,legacy,2,966,7922806,5828235,9924,5982017,120000,15.70,72.15,125,1932,0
random,32,8192,delta,2,974,7983899,5688086,9986,5841946,120000,46.07,89.59,1083,1948,0
random,32,8192,legacy,3,966,7922806,5828235,9924,5982017,120000,15.38,60.47,125,1932,0
random,32,8192,delta,3,974,7983899,5688086,9986,5841946,120000,40.65,105.98,1084,1948,0
random,32,8192,legacy,4,966,7922806,5828235,9924,5982017,120000,19.11,73.59,125,1932,0
random,32,8192,delta,4,974,7983899,5688086,9986,5841946,120000,48.01,103.67,1084,1948,0
random,32,16384,legacy,0,483,7920874,5809392,5002,5958252,120000,14.76,71.37,83,966,0
random,32,16384,delta,0,487,7981926,5650106,5051,5799031,120000,33.70,95.42,1042,974,0
random,32,16384,legacy,1,483,7920874,5809392,5002,5958252,120000,15.04,62.02,83,966,0
random,32,16384,delta,1,487,7981926,5650106,5051,5799031,120000,33.69,90.31,1042,974,0
random,32,16384,legacy,2,483,7920874,5809392,5002,5958252,120000,16.09,78.02,84,966,0
random,32,16384,delta,2,487,7981926,5650106,5051,5799031,120000,34.03,91.62,1042,974,0
random,32,16384,legacy,3,483,7920874,5809392,5002,5958252,120000,17.58,59.73,84,966,0
random,32,16384,delta,3,487,7981926,5650106,5051,5799031,120000,33.56,92.79,1042,974,0
random,32,16384,legacy,4,483,7920874,5809392,5002,5958252,120000,17.78,106.67,84,966,0
random,32,16384,delta,4,487,7981926,5650106,5051,5799031,120000,55.46,134.31,1208,974,0
random,32,65536,legacy,0,121,7919014,5683709,1429,5828996,120000,17.07,68.89,84,242,0
random,32,65536,delta,0,122,7979891,5473820,1439,5619133,120000,39.02,127.89,1084,244,0
random,32,65536,legacy,1,121,7919014,5683709,1429,5828996,120000,13.95,63.33,83,242,0
random,32,65536,delta,1,122,7979891,5473820,1439,5619133,120000,40.86,417.43,1125,244,0
random,32,65536,legacy,2,121,7919014,5683709,1429,5828996,120000,13.94,71.21,84,242,0
random,32,65536,delta,2,122,7979891,5473820,1439,5619133,120000,31.09,116.80,1125,244,0
random,32,65536,legacy,3,121,7919014,5683709,1429,5828996,120000,15.98,60.52,42,242,0
random,32,65536,delta,3,122,7979891,5473820,1439,5619133,120000,31.02,103.28,1083,244,0
random,32,65536,legacy,4,121,7919014,5683709,1429,5828996,120000,14.15,71.21,83,242,0
random,32,65536,delta,4,122,7979891,5473820,1439,5619133,120000,35.54,94.98,1041,244,0
